epoch,lr-Adam/non-decayable,lr-Adam/normal,n_learnable_parameters,n_parameters,offset/C,step,test/train/energy_mae,test/train/energy_rmse,test/train/forces_mae,test/train/forces_rmse,test/train/forces_rmse_batchwise,test/train/per_atom_energy_mae,test/train/per_atom_energy_rmse,test/train/stress_mae,test/train/stress_rmse,test/train/virial_mae,test/train/virial_rmse,test/valid/energy_mae,test/valid/energy_rmse,test/valid/forces_mae,test/valid/forces_rmse,test/valid/forces_rmse_batchwise,test/valid/per_atom_energy_mae,test/valid/per_atom_energy_rmse,test/valid/stress_mae,test/valid/stress_rmse,test/valid/virial_mae,test/valid/virial_rmse,timer/its_per_s/train,timer/its_per_s/valid,timer/step_duration_ms/train,timer/step_duration_ms/valid,train/loss/forces_rmse_batchwise_weighted,train/loss/per_atom_energy_rmse_batchwise_weighted,train/loss/total,train/metrics/forces_rmse_batchwise,train/metrics/per_atom_energy_rmse_batchwise,valid/loss/forces_rmse_batchwise_weighted,valid/loss/per_atom_energy_rmse_batchwise_weighted,valid/loss/total,valid/metrics/energy_mae,valid/metrics/energy_rmse,valid/metrics/forces_mae,valid/metrics/forces_rmse,valid/metrics/forces_rmse_batchwise,valid/metrics/per_atom_energy_mae,valid/metrics/per_atom_energy_rmse,valid/metrics/per_atom_energy_rmse_batchwise,valid/metrics/stress_mae,valid/metrics/stress_rmse,valid/metrics/virial_mae,valid/metrics/virial_rmse
,,,3847698,3847698,,0,,,,,,,,,,,,,,,,,,,,,,,,,,,,,,,,,,,,,,,,,,,,,,
,,,,,-7.101136684417725,0,,,,,,,,,,,,,,,,,,,,,,,,,,,,,,,,,,,,,,,,,,,,,,
,0.0001,0.0001,,,,0,,,,,,,,,,,,,,,,,,,,,,,,,,,,,,,,,,,,,,,,,,,,,,
,,,,,-7.101082801818848,2,,,,,,,,,,,,,,,,,,,,,,,,,,,,,,,,,,,,,,,,,,,,,,
0,,,,,,9,,,,,,,,,,,,,,,,,,,,,,,,0.2243606150150299,,4569.0,,,,,,0.7221440076828003,0.09846962988376617,0.8867502212524414,1.6332143545150757,2.16184663772583,0.5530340671539307,0.7650156021118164,0.7221440076828003,0.06473598629236221,0.11113502830266953,0.09846962988376617,0.014052266255021095,0.024674559012055397,4.216894626617432,7.064861297607422
,0.0001,0.0001,,,,10,,,,,,,,,,,,,,,,,,,,,,,,,,,,,,,,,,,,,,,,,,,,,,
,,,,,-7.100616455078125,1,,,,,,,,,,,,,,,,,,,,,,,,,,,,,,,,,,,,,,,,,,,,,,
1,,,,,,19,,,,,,,,,,,,,,,,,,,,,,,,0.23200005292892456,,4429.5,,,,,,0.7186864614486694,0.08942689746618271,0.8734039068222046,1.567978858947754,2.122807741165161,0.55083167552948,0.760688066482544,0.7186864614486694,0.05784783512353897,0.10329847037792206,0.08942689746618271,0.015123570337891579,0.02818634733557701,4.389951705932617,7.475334167480469
,0.0001,0.0001,,,,20,,,,,,,,,,,,,,,,,,,,,,,,,,,,,,,,,,,,,,,,,,,,,,
,,,,,-7.100170612335205,1,,,,,,,,,,,,,,,,,,,,,,,,,,,,,,,,,,,,,,,,,,,,,,
2,,,,,,29,,,,,,,,,,,,,,,,,,,,,,,,0.25262516736984253,,4138.0,,,,,,0.7083871364593506,0.09008882939815521,0.8639733195304871,1.9570558071136475,2.8197357654571533,0.542443037033081,0.7512274980545044,0.7083871364593506,0.059446047991514206,0.10040736198425293,0.09008882939815521,0.015633683651685715,0.030280422419309616,4.794241428375244,8.378748893737793
,0.0001,0.0001,,,,30,,,,,,,,,,,,,,,,,,,,,,,,,,,,,,,,,,,,,,,,,,,,,,
,,,,,-7.099928379058838,1,,,,,,,,,,,,,,,,,,,,,,,,,,,,,,,,,,,,,,,,,,,,,,
3,,,,,,39,,,,,,,,,,,,,,,,,,,,,,,,0.23899200558662415,,4517.0,,,,,,0.6969670653343201,0.08723245561122894,0.8500578999519348,1.8083165884017944,2.676220417022705,0.5331562161445618,0.7409350872039795,0.6969670653343201,0.05484165996313095,0.09670703858137131,0.08723245561122894,0.01632288098335266,0.03243941441178322,5.286928176879883,9.770147323608398
,0.0001,0.0001,,,,40,,,,,,,,,,,,,,,,,,,,,,,,,,,,,,,,,,,,,,,,,,,,,,
4,,,,,,49,,,,,,,,,,,,,,,,,,,,,,,0.09664636850357056,,10347.0,,0.8172430992126465,0.03642994910478592,0.8536730408668518,0.8172430992126465,0.03642994910478592,,,,,,,,,,,,,,,
,,,,,-7.099775314331055,0,,,,,,,,,,,,,,,,,,,,,,,,,,,,,,,,,,,,,,,,,,,,,,
4,,,,,,49,,,,,,,,,,,,,,,,,,,,,,,,0.24362780153751373,,4258.5,,,,,,0.6903496980667114,0.08308255672454834,0.8392919301986694,1.6391130685806274,2.3165295124053955,0.5277765393257141,0.7347155213356018,0.6903496980667114,0.05368981510400772,0.09204403311014175,0.08308255672454834,0.017379645258188248,0.03501996770501137,5.618106365203857,10.823725700378418
,0.0001,0.0001,,,,50,,,,,,,,,,,,,,,,,,,,,,,,,,,,,,,,,,,,,,,,,,,,,,
,,,,,-7.099536895751953,1,,,,,,,,,,,,,,,,,,,,,,,,,,,,,,,,,,,,,,,,,,,,,,
5,,,,,,59,,,,,,,,,,,,,,,,,,,,,,,,0.29468005895614624,,3769.5,,,,,,0.6820963025093079,0.08073091506958008,0.8288278579711914,1.6143007278442383,2.4225096702575684,0.5204604268074036,0.7271521687507629,0.6820963025093079,0.05052800104022026,0.08825138956308365,0.08073091506958008,0.01808116026222706,0.036319684237241745,5.9517927169799805,11.949755668640137
,0.0001,0.0001,,,,60,,,,,,,,,,,,,,,,,,,,,,,,,,,,,,,,,,,,,,,,,,,,,,
,,,,,-7.0993452072143555,1,,,,,,,,,,,,,,,,,,,,,,,,,,,,,,,,,,,,,,,,,,,,,,
6,,,,,,69,,,,,,,,,,,,,,,,,,,,,,,,0.24229615926742554,,4279.0,,,,,,0.6734169125556946,0.08248405903577805,0.8220014572143555,2.057612895965576,2.9055559635162354,0.5128647089004517,0.7191506624221802,0.6734169125556946,0.05401501804590225,0.08798950165510178,0.08248405903577805,0.018309760838747025,0.03669652342796326,6.099900722503662,12.495121955871582
,0.0001,0.0001,,,,70,,,,,,,,,,,,,,,,,,,,,,,,,,,,,,,,,,,,,,,,,,,,,,
,,,,,-7.099430561065674,1,,,,,,,,,,,,,,,,,,,,,,,,,,,,,,,,,,,,,,,,,,,,,,
7,,,,,,79,,,,,,,,,,,,,,,,,,,,,,,,0.2829037606716156,,4025.5,,,,,,0.6683207154273987,0.0777897983789444,0.8121616244316101,1.3453786373138428,2.1168088912963867,0.508739173412323,0.7143141031265259,0.6683207154273987,0.04791245609521866,0.08494478464126587,0.0777897983789444,0.018849918618798256,0.03793416544795036,6.2548065185546875,13.14272403717041
,0.0001,0.0001,,,,80,,,,,,,,,,,,,,,,,,,,,,,,,,,,,,,,,,,,,,,,,,,,,,
,,,,,-7.099313735961914,1,,,,,,,,,,,,,,,,,,,,,,,,,,,,,,,,,,,,,,,,,,,,,,
8,,,,,,89,,,,,,,,,,,,,,,,,,,,,,,,0.2730086147785187,,4153.5,,,,,,0.6646074056625366,0.07748224586248398,0.8077476620674133,1.500937819480896,2.2871580123901367,0.5061120390892029,0.7103100419044495,0.6646074056625366,0.04836635664105415,0.08327703922986984,0.07748224586248398,0.01903279311954975,0.038483474403619766,6.23969030380249,13.124320030212402
,0.0001,0.0001,,,,90,,,,,,,,,,,,,,,,,,,,,,,,,,,,,,,,,,,,,,,,,,,,,,
9,,,,,,99,,,,,,,,,,,,,,,,,,,,,,,0.22256843745708466,,4493.0,,0.8404970765113831,0.04647574573755264,0.8869728446006775,0.8404970765113831,0.04647574573755264,,,,,,,,,,,,,,,
,,,,,-7.099306106567383,0,,,,,,,,,,,,,,,,,,,,,,,,,,,,,,,,,,,,,,,,,,,,,,
9,,,,,,99,,,,,,,,,,,,,,,,,,,,,,,,0.3017778992652893,,3627.0,,,,,,0.6607367992401123,0.07550007104873657,0.8017095327377319,1.4551184177398682,2.0839853286743164,0.5030480027198792,0.7064392566680908,0.6607367992401123,0.04845700412988663,0.08098183572292328,0.07550007104873657,0.019466489553451538,0.03923674300312996,6.3943772315979,13.409677505493164
,0.0001,0.0001,,,,100,,,,,,,,,,,,,,,,,,,,,,,,,,,,,,,,,,,,,,,,,,,,,,
,,,,,-7.099244117736816,1,,,,,,,,,,,,,,,,,,,,,,,,,,,,,,,,,,,,,,,,,,,,,,
10,,,,,,109,,,,,,,,,,,,,,,,,,,,,,,,0.2870336174964905,,3779.0,,,,,,0.656324028968811,0.07799650728702545,0.7997753024101257,1.800339698791504,2.590449333190918,0.49948564171791077,0.7022894024848938,0.656324028968811,0.050450801849365234,0.08234196156263351,0.07799650728702545,0.019324809312820435,0.03870008885860443,6.393548965454102,13.230212211608887
,0.0001,0.0001,,,,110,,,,,,,,,,,,,,,,,,,,,,,,,,,,,,,,,,,,,,,,,,,,,,
,,,,,-7.099303245544434,1,,,,,,,,,,,,,,,,,,,,,,,,,,,,,,,,,,,,,,,,,,,,,,
11,,,,,,119,,,,,,,,,,,,,,,,,,,,,,,,0.27496537566185,,3939.0,,,,,,0.6541704535484314,0.07709848135709763,0.7964404225349426,1.5394208431243896,2.3660690784454346,0.49825894832611084,0.6998918652534485,0.6541704535484314,0.048770904541015625,0.0819222554564476,0.07709848135709763,0.01912122592329979,0.03833906725049019,6.287657260894775,12.996710777282715
,0.0001,0.0001,,,,120,,,,,,,,,,,,,,,,,,,,,,,,,,,,,,,,,,,,,,,,,,,,,,
,,,,,-7.099429130554199,1,,,,,,,,,,,,,,,,,,,,,,,,,,,,,,,,,,,,,,,,,,,,,,
12,,,,,,129,,,,,,,,,,,,,,,,,,,,,,,,0.23916837573051453,,4341.0,,,,,,0.6515008807182312,0.07482068240642548,0.7910701036453247,1.3005998134613037,1.8115477561950684,0.49661001563072205,0.6968229413032532,0.6515008807182312,0.04787860065698624,0.08076368272304535,0.07482068240642548,0.01917547918856144,0.03837718069553375,6.284979343414307,12.742936134338379
,0.0001,0.0001,,,,130,,,,,,,,,,,,,,,,,,,,,,,,,,,,,,,,,,,,,,,,,,,,,,
,,,,,-7.099206447601318,1,,,,,,,,,,,,,,,,,,,,,,,,,,,,,,,,,,,,,,,,,,,,,,
13,,,,,,139,,,,,,,,,,,,,,,,,,,,,,,,0.2580500841140747,,4442.5,,,,,,0.6468362212181091,0.0852522924542427,0.796730637550354,2.695392370223999,3.6109814643859863,0.4928778111934662,0.6923187375068665,0.6468362212181091,0.06366057693958282,0.08763902634382248,0.0852522924542427,0.018011171370744705,0.035786520689725876,5.895610809326172,11.678417205810547
,0.0001,0.0001,,,,140,,,,,,,,,,,,,,,,,,,,,,,,,,,,,,,,,,,,,,,,,,,,,,
14,,,,,,149,,,,,,,,,,,,,,,,,,,,,,,0.08433836698532104,,11857.0,,1.0042887926101685,0.05446558818221092,1.058754324913025,1.0042887926101685,0.05446558818221092,,,,,,,,,,,,,,,
,,,,,-7.099505424499512,0,,,,,,,,,,,,,,,,,,,,,,,,,,,,,,,,,,,,,,,,,,,,,,
14,,,,,,149,,,,,,,,,,,,,,,,,,,,,,,,0.2680034637451172,,4035.0,,,,,,0.64466792345047,0.07388605177402496,0.7829289436340332,1.199278473854065,1.6591060161590576,0.4915210008621216,0.6899292469024658,0.64466792345047,0.04727811738848686,0.07984032481908798,0.07388605177402496,0.01930854842066765,0.038222216069698334,6.469718933105469,12.984610557556152
,0.0001,0.0001,,,,150,,,,,,,,,,,,,,,,,,,,,,,,,,,,,,,,,,,,,,,,,,,,,,
,,,,,-7.099299907684326,1,,,,,,,,,,,,,,,,,,,,,,,,,,,,,,,,,,,,,,,,,,,,,,
15,,,,,,159,,,,,,,,,,,,,,,,,,,,,,,,0.20602895319461823,,5603.0,,,,,,0.641848087310791,0.0773845762014389,0.7833518385887146,1.9156599044799805,2.680537462234497,0.4892234206199646,0.6869465708732605,0.641848087310791,0.05185899883508682,0.08068465441465378,0.0773845762014389,0.01873139664530754,0.03713329881429672,6.223358154296875,12.607178688049316
,0.0001,0.0001,,,,160,,,,,,,,,,,,,,,,,,,,,,,,,,,,,,,,,,,,,,,,,,,,,,
,,,,,-7.099424839019775,1,,,,,,,,,,,,,,,,,,,,,,,,,,,,,,,,,,,,,,,,,,,,,,
16,,,,,,169,,,,,,,,,,,,,,,,,,,,,,,,0.2750122547149658,,3728.0,,,,,,0.6388381719589233,0.0729622170329094,0.7758756875991821,1.3191072940826416,1.977853775024414,0.4864909052848816,0.6840751767158508,0.6388381719589233,0.04656510427594185,0.07783972471952438,0.0729622170329094,0.019260261207818985,0.038033291697502136,6.573174476623535,13.51745891571045
,0.0001,0.0001,,,,170,,,,,,,,,,,,,,,,,,,,,,,,,,,,,,,,,,,,,,,,,,,,,,
,,,,,-7.099520683288574,1,,,,,,,,,,,,,,,,,,,,,,,,,,,,,,,,,,,,,,,,,,,,,,
17,,,,,,179,,,,,,,,,,,,,,,,,,,,,,,,0.3424100875854492,,3160.0,,,,,,0.6369815468788147,0.07183250039815903,0.7724496722221375,1.3116708993911743,1.7974028587341309,0.48546093702316284,0.6817416548728943,0.6369815468788147,0.047139834612607956,0.07732564955949783,0.07183250039815903,0.01899873837828636,0.03740605711936951,6.4754157066345215,13.088462829589844
,0.0001,0.0001,,,,180,,,,,,,,,,,,,,,,,,,,,,,,,,,,,,,,,,,,,,,,,,,,,,
,,,,,-7.099353313446045,1,,,,,,,,,,,,,,,,,,,,,,,,,,,,,,,,,,,,,,,,,,,,,,
18,,,,,,189,,,,,,,,,,,,,,,,,,,,,,,,0.32841429114341736,,3582.0,,,,,,0.6351214051246643,0.0766453742980957,0.7750641703605652,1.964469313621521,2.727445363998413,0.48418837785720825,0.679543673992157,0.6351214051246643,0.05215849727392197,0.07944661378860474,0.0766453742980957,0.018362732604146004,0.03608548641204834,6.211987495422363,12.479193687438965
,0.0001,0.0001,,,,190,,,,,,,,,,,,,,,,,,,,,,,,,,,,,,,,,,,,,,,,,,,,,,
19,,,,,,199,,,,,,,,,,,,,,,,,,,,,,,0.10778184980154037,,9278.0,,0.7627596855163574,0.07216673344373703,0.834926426410675,0.7627596855163574,0.07216673344373703,,,,,,,,,,,,,,,
,,,,,-7.099562168121338,0,,,,,,,,,,,,,,,,,,,,,,,,,,,,,,,,,,,,,,,,,,,,,,
19,,,,,,199,,,,,,,,,,,,,,,,,,,,,,,,0.31695717573165894,,3260.5,,,,,,0.6335663795471191,0.07229753583669662,0.7690610885620117,1.393860101699829,1.8771170377731323,0.48310068249702454,0.6779542565345764,0.6335663795471191,0.04818163067102432,0.07738225907087326,0.07229753583669662,0.018492836505174637,0.036274254322052,6.31364107131958,12.687535285949707
,0.0001,0.0001,,,,200,,,,,,,,,,,,,,,,,,,,,,,,,,,,,,,,,,,,,,,,,,,,,,
,,,,,-7.09958028793335,1,,,,,,,,,,,,,,,,,,,,,,,,,,,,,,,,,,,,,,,,,,,,,,
20,,,,,,209,,,,,,,,,,,,,,,,,,,,,,,,0.2993967533111572,,3461.0,,,,,,0.6312743425369263,0.07114414125680923,0.7653813362121582,1.2717416286468506,1.7579680681228638,0.48144015669822693,0.6754938364028931,0.6312743425369263,0.04629087448120117,0.07633427530527115,0.07114414125680923,0.01815539039671421,0.03546689450740814,6.205042362213135,12.332038879394531
,0.0001,0.0001,,,,210,,,,,,,,,,,,,,,,,,,,,,,,,,,,,,,,,,,,,,,,,,,,,,
,,,,,-7.099508285522461,1,,,,,,,,,,,,,,,,,,,,,,,,,,,,,,,,,,,,,,,,,,,,,,
21,,,,,,219,,,,,,,,,,,,,,,,,,,,,,,,0.35574033856391907,,3032.5,,,,,,0.6281259059906006,0.07415904104709625,0.7651314735412598,1.5719407796859741,2.2284505367279053,0.47901174426078796,0.6723938584327698,0.6281259059906006,0.04636402055621147,0.07774992287158966,0.07415904104709625,0.017550643533468246,0.03419635817408562,5.928177833557129,11.700762748718262
,0.0001,0.0001,,,,220,,,,,,,,,,,,,,,,,,,,,,,,,,,,,,,,,,,,,,,,,,,,,,
,,,,,-7.099592685699463,1,,,,,,,,,,,,,,,,,,,,,,,,,,,,,,,,,,,,,,,,,,,,,,
22,,,,,,229,,,,,,,,,,,,,,,,,,,,,,,,0.3232179880142212,,3612.0,,,,,,0.627596914768219,0.07024625688791275,0.760293185710907,1.170347809791565,1.79567551612854,0.4785849153995514,0.6713605523109436,0.627596914768219,0.04342208057641983,0.07502034306526184,0.07024625688791275,0.017642050981521606,0.03427376598119736,6.01580286026001,11.886605262756348
,0.0001,0.0001,,,,230,,,,,,,,,,,,,,,,,,,,,,,,,,,,,,,,,,,,,,,,,,,,,,
,,,,,-7.099593639373779,1,,,,,,,,,,,,,,,,,,,,,,,,,,,,,,,,,,,,,,,,,,,,,,
23,,,,,,239,,,,,,,,,,,,,,,,,,,,,,,,0.30782943964004517,,3349.0,,,,,,0.6258645057678223,0.07025749981403351,0.7585166692733765,1.1851133108139038,1.8870521783828735,0.4770709276199341,0.6696662306785583,0.6258645057678223,0.04305572435259819,0.07446616142988205,0.07025749981403351,0.017412176355719566,0.03370066359639168,5.938948631286621,11.688737869262695
,0.0001,0.0001,,,,240,,,,,,,,,,,,,,,,,,,,,,,,,,,,,,,,,,,,,,,,,,,,,,
24,,,,,,249,,,,,,,,,,,,,,,,,,,,,,,0.13248541951179504,,7548.0,,0.7256536483764648,0.017040789127349854,0.7426944375038147,0.7256536483764648,0.017040789127349854,,,,,,,,,,,,,,,
,,,,,-7.099610805511475,0,,,,,,,,,,,,,,,,,,,,,,,,,,,,,,,,,,,,,,,,,,,,,,
24,,,,,,249,,,,,,,,,,,,,,,,,,,,,,,,0.2940455675125122,,3498.0,,,,,,0.6234551668167114,0.0703703835606575,0.7561945915222168,1.2373063564300537,1.9190564155578613,0.4751518964767456,0.6673800945281982,0.6234551668167114,0.04340643808245659,0.07416172325611115,0.0703703835606575,0.017601225525140762,0.03398482874035835,6.069090366363525,11.940153121948242
,0.0001,0.0001,,,,250,,,,,,,,,,,,,,,,,,,,,,,,,,,,,,,,,,,,,,,,,,,,,,
,,,,,-7.099742412567139,1,,,,,,,,,,,,,,,,,,,,,,,,,,,,,,,,,,,,,,,,,,,,,,
25,,,,,,259,,,,,,,,,,,,,,,,,,,,,,,,0.35057276487350464,,3113.5,,,,,,0.6214851140975952,0.06880036741495132,0.7526785731315613,1.3014795780181885,1.8127045631408691,0.4732300639152527,0.665573000907898,0.6214851140975952,0.045635320246219635,0.07421129196882248,0.06880036741495132,0.017973359674215317,0.03471911698579788,6.268041133880615,12.519735336303711
,0.0001,0.0001,,,,260,,,,,,,,,,,,,,,,,,,,,,,,,,,,,,,,,,,,,,,,,,,,,,
,,,,,-7.099660396575928,1,,,,,,,,,,,,,,,,,,,,,,,,,,,,,,,,,,,,,,,,,,,,,,
26,,,,,,269,,,,,,,,,,,,,,,,,,,,,,,,0.2854843735694885,,3707.0,,,,,,0.6192917227745056,0.07074932754039764,0.7522390484809875,1.275718092918396,2.0115244388580322,0.47155487537384033,0.6632581949234009,0.6192917227745056,0.04420013353228569,0.07420141249895096,0.07074932754039764,0.017695624381303787,0.034208379685878754,6.166499137878418,12.26004695892334
,0.0001,0.0001,,,,270,,,,,,,,,,,,,,,,,,,,,,,,,,,,,,,,,,,,,,,,,,,,,,
,,,,,-7.099783897399902,1,,,,,,,,,,,,,,,,,,,,,,,,,,,,,,,,,,,,,,,,,,,,,,
27,,,,,,279,,,,,,,,,,,,,,,,,,,,,,,,0.3398545980453491,,3314.5,,,,,,0.6185594797134399,0.06864875555038452,0.7492727041244507,1.1996450424194336,1.6429617404937744,0.47093871235847473,0.6623920202255249,0.6185594797134399,0.045462559908628464,0.07332442700862885,0.06864875555038452,0.018171263858675957,0.03509383648633957,6.370931148529053,12.737358093261719
,0.0001,0.0001,,,,280,,,,,,,,,,,,,,,,,,,,,,,,,,,,,,,,,,,,,,,,,,,,,,
,,,,,-7.09973669052124,1,,,,,,,,,,,,,,,,,,,,,,,,,,,,,,,,,,,,,,,,,,,,,,
28,,,,,,289,,,,,,,,,,,,,,,,,,,,,,,,0.27315133810043335,,3978.0,,,,,,0.6161708235740662,0.07047047466039658,0.7486027479171753,1.2179231643676758,1.8937302827835083,0.46901935338974,0.6600208878517151,0.6161708235740662,0.04384312778711319,0.07427208125591278,0.07047047466039658,0.01797877624630928,0.034612078219652176,6.299134731292725,12.541755676269531
,0.0001,0.0001,,,,290,,,,,,,,,,,,,,,,,,,,,,,,,,,,,,,,,,,,,,,,,,,,,,
29,,,,,,299,,,,,,,,,,,,,,,,,,,,,,,0.12938284873962402,,7729.0,,0.8815514445304871,0.05853986367583275,0.9400913119316101,0.8815514445304871,0.05853986367583275,,,,,,,,,,,,,,,
,,,,,-7.0998430252075195,0,,,,,,,,,,,,,,,,,,,,,,,,,,,,,,,,,,,,,,,,,,,,,,
29,,,,,,299,,,,,,,,,,,,,,,,,,,,,,,,0.27975383400917053,,3695.5,,,,,,0.6151825785636902,0.06936383247375488,0.7463573217391968,1.270869255065918,1.8227654695510864,0.4682038426399231,0.6588923335075378,0.6151825785636902,0.044850826263427734,0.07475734502077103,0.06936383247375488,0.017525333911180496,0.03371359780430794,6.1456685066223145,12.272303581237793
,0.0001,0.0001,,,,300,,,,,,,,,,,,,,,,,,,,,,,,,,,,,,,,,,,,,,,,,,,,,,
,,,,,-7.0998640060424805,1,,,,,,,,,,,,,,,,,,,,,,,,,,,,,,,,,,,,,,,,,,,,,,
30,,,,,,309,,,,,,,,,,,,,,,,,,,,,,,,0.3170431852340698,,3327.5,,,,,,0.6136680245399475,0.06933815777301788,0.744764506816864,1.140033483505249,1.6977914571762085,0.4672079384326935,0.6574065089225769,0.6136680245399475,0.04354681819677353,0.07439716905355453,0.06933815777301788,0.017355702817440033,0.03325137123465538,6.07720422744751,12.051630973815918
,0.0001,0.0001,,,,310,,,,,,,,,,,,,,,,,,,,,,,,,,,,,,,,,,,,,,,,,,,,,,
,,,,,-7.099849700927734,1,,,,,,,,,,,,,,,,,,,,,,,,,,,,,,,,,,,,,,,,,,,,,,
31,,,,,,319,,,,,,,,,,,,,,,,,,,,,,,,0.336429238319397,,3416.0,,,,,,0.6127873063087463,0.07008441537618637,0.7445129156112671,1.128525733947754,1.720106840133667,0.46689534187316895,0.6564239263534546,0.6127873063087463,0.043805934488773346,0.07422667741775513,0.07008441537618637,0.017134955152869225,0.03279593214392662,5.998533725738525,11.765852928161621
,0.0001,0.0001,,,,320,,,,,,,,,,,,,,,,,,,,,,,,,,,,,,,,,,,,,,,,,,,,,,
,,,,,-7.099914073944092,1,,,,,,,,,,,,,,,,,,,,,,,,,,,,,,,,,,,,,,,,,,,,,,
32,,,,,,329,,,,,,,,,,,,,,,,,,,,,,,,0.23331719636917114,,4383.0,,,,,,0.6115749478340149,0.06971697509288788,0.7427686452865601,1.1877610683441162,1.6495434045791626,0.46581774950027466,0.6550670862197876,0.6115749478340149,0.04556713253259659,0.07443448156118393,0.06971697509288788,0.01714145764708519,0.03280828520655632,6.025233268737793,11.89044189453125
,0.0001,0.0001,,,,330,,,,,,,,,,,,,,,,,,,,,,,,,,,,,,,,,,,,,,,,,,,,,,
,,,,,-7.099874973297119,1,,,,,,,,,,,,,,,,,,,,,,,,,,,,,,,,,,,,,,,,,,,,,,
33,,,,,,339,,,,,,,,,,,,,,,,,,,,,,,,0.23574331402778625,,4482.5,,,,,,0.6103938221931458,0.07111430913209915,0.7428988218307495,1.2255926132202148,1.8788989782333374,0.4648911654949188,0.6538467407226562,0.6103938221931458,0.04504694789648056,0.0748426541686058,0.07111430913209915,0.017008528113365173,0.03238692879676819,5.986678600311279,11.734339714050293
,0.0001,0.0001,,,,340,,,,,,,,,,,,,,,,,,,,,,,,,,,,,,,,,,,,,,,,,,,,,,
34,,,,,,349,,,,,,,,,,,,,,,,,,,,,,,0.09234462678432465,,10829.0,,0.7148638963699341,0.022434091195464134,0.7372980117797852,0.7148638963699341,0.022434091195464134,,,,,,,,,,,,,,,
,,,,,-7.099967002868652,0,,,,,,,,,,,,,,,,,,,,,,,,,,,,,,,,,,,,,,,,,,,,,,
34,,,,,,349,,,,,,,,,,,,,,,,,,,,,,,,0.3254978060722351,,3365.5,,,,,,0.6093195080757141,0.06971217691898346,0.7403176426887512,1.2775239944458008,1.7106595039367676,0.4637720286846161,0.6527005434036255,0.6093195080757141,0.046822406351566315,0.0743534192442894,0.06971217691898346,0.017259012907743454,0.03285157307982445,6.137048244476318,12.100703239440918
,0.0001,0.0001,,,,350,,,,,,,,,,,,,,,,,,,,,,,,,,,,,,,,,,,,,,,,,,,,,,
,,,,,-7.099894046783447,1,,,,,,,,,,,,,,,,,,,,,,,,,,,,,,,,,,,,,,,,,,,,,,
35,,,,,,359,,,,,,,,,,,,,,,,,,,,,,,,0.3042478859424591,,3628.5,,,,,,0.6071230173110962,0.07240679860115051,0.7407591938972473,1.3956342935562134,2.0710930824279785,0.4618437588214874,0.6505728960037231,0.6071230173110962,0.045224666595458984,0.07592175155878067,0.07240679860115051,0.01704072579741478,0.03233420103788376,6.05664587020874,11.838093757629395
,0.0001,0.0001,,,,360,,,,,,,,,,,,,,,,,,,,,,,,,,,,,,,,,,,,,,,,,,,,,,
,,,,,-7.100067615509033,1,,,,,,,,,,,,,,,,,,,,,,,,,,,,,,,,,,,,,,,,,,,,,,
36,,,,,,369,,,,,,,,,,,,,,,,,,,,,,,,0.30611541867256165,,3816.5,,,,,,0.605782687664032,0.0693332701921463,0.7362816333770752,1.3202378749847412,1.895758032798767,0.4605298936367035,0.6492347121238708,0.605782687664032,0.04516015201807022,0.07622181624174118,0.0693332701921463,0.01712469570338726,0.03245924785733223,6.115087985992432,11.989368438720703
,0.0001,0.0001,,,,370,,,,,,,,,,,,,,,,,,,,,,,,,,,,,,,,,,,,,,,,,,,,,,
,,,,,-7.099977970123291,1,,,,,,,,,,,,,,,,,,,,,,,,,,,,,,,,,,,,,,,,,,,,,,
37,,,,,,379,,,,,,,,,,,,,,,,,,,,,,,,0.28246283531188965,,3947.0,,,,,,0.6042241454124451,0.07120070606470108,0.7364078760147095,1.2160444259643555,1.8565514087677002,0.45931655168533325,0.6475295424461365,0.6042241454124451,0.04380827024579048,0.07563368231058121,0.07120070606470108,0.016913536936044693,0.03198385238647461,6.0207839012146,11.791516304016113
,0.0001,0.0001,,,,380,,,,,,,,,,,,,,,,,,,,,,,,,,,,,,,,,,,,,,,,,,,,,,
,,,,,-7.100066661834717,1,,,,,,,,,,,,,,,,,,,,,,,,,,,,,,,,,,,,,,,,,,,,,,
38,,,,,,389,,,,,,,,,,,,,,,,,,,,,,,,0.27774447202682495,,3877.5,,,,,,0.6027438640594482,0.0700034573674202,0.7335963845252991,1.284301519393921,1.8559681177139282,0.45791688561439514,0.6459643244743347,0.6027438640594482,0.04486846923828125,0.07585562765598297,0.0700034573674202,0.017055656760931015,0.032355137169361115,6.081308841705322,11.97280502319336
,0.0001,0.0001,,,,390,,,,,,,,,,,,,,,,,,,,,,,,,,,,,,,,,,,,,,,,,,,,,,
39,,,,,,399,,,,,,,,,,,,,,,,,,,,,,,0.17605634033679962,,5680.0,,0.732056200504303,0.01892087608575821,0.750977098941803,0.732056200504303,0.01892087608575821,,,,,,,,,,,,,,,
,,,,,-7.100006580352783,0,,,,,,,,,,,,,,,,,,,,,,,,,,,,,,,,,,,,,,,,,,,,,,
39,,,,,,399,,,,,,,,,,,,,,,,,,,,,,,,0.3125225603580475,,3604.0,,,,,,0.6015805006027222,0.07255847752094269,0.7349269986152649,1.2570288181304932,1.9698926210403442,0.4570756256580353,0.6447950601577759,0.6015805006027222,0.04369540140032768,0.07644830644130707,0.07255847752094269,0.016546085476875305,0.031178534030914307,5.7958879470825195,11.119112014770508
,0.0001,0.0001,,,,400,,,,,,,,,,,,,,,,,,,,,,,,,,,,,,,,,,,,,,,,,,,,,,
,,,,,-7.1000657081604,1,,,,,,,,,,,,,,,,,,,,,,,,,,,,,,,,,,,,,,,,,,,,,,
40,,,,,,409,,,,,,,,,,,,,,,,,,,,,,,,0.293745219707489,,3847.0,,,,,,0.5999711751937866,0.07288694381713867,0.7336947321891785,1.168853521347046,1.8986434936523438,0.45563527941703796,0.6433609127998352,0.5999711751937866,0.04370293766260147,0.07729162275791168,0.07288694381713867,0.01655234396457672,0.03122546151280403,5.813622951507568,11.186361312866211
,0.0001,0.0001,,,,410,,,,,,,,,,,,,,,,,,,,,,,,,,,,,,,,,,,,,,,,,,,,,,
,,,,,-7.100164413452148,1,,,,,,,,,,,,,,,,,,,,,,,,,,,,,,,,,,,,,,,,,,,,,,
41,,,,,,419,,,,,,,,,,,,,,,,,,,,,,,,0.2742593288421631,,4057.0,,,,,,0.5997737050056458,0.07172157615423203,0.7321993112564087,1.3754689693450928,1.8914483785629272,0.4554123282432556,0.6429940462112427,0.5997737050056458,0.0476953499019146,0.07756533473730087,0.07172157615423203,0.016722816973924637,0.03156381472945213,5.9239912033081055,11.534297943115234
,0.0001,0.0001,,,,420,,,,,,,,,,,,,,,,,,,,,,,,,,,,,,,,,,,,,,,,,,,,,,
,,,,,-7.100089073181152,1,,,,,,,,,,,,,,,,,,,,,,,,,,,,,,,,,,,,,,,,,,,,,,
42,,,,,,429,,,,,,,,,,,,,,,,,,,,,,,,0.29223519563674927,,3810.0,,,,,,0.5984992384910583,0.07371155172586441,0.7329065203666687,1.4326642751693726,2.115058422088623,0.45404407382011414,0.6417940855026245,0.5984992384910583,0.04664268344640732,0.07814206928014755,0.07371155172586441,0.01644771173596382,0.030805768445134163,5.844910621643066,11.312844276428223
,0.0001,0.0001,,,,430,,,,,,,,,,,,,,,,,,,,,,,,,,,,,,,,,,,,,,,,,,,,,,
,,,,,-7.100189208984375,1,,,,,,,,,,,,,,,,,,,,,,,,,,,,,,,,,,,,,,,,,,,,,,
43,,,,,,439,,,,,,,,,,,,,,,,,,,,,,,,0.285542368888855,,5191.5,,,,,,0.5974091291427612,0.07161007821559906,0.7298117280006409,1.4970719814300537,2.1403145790100098,0.4530068039894104,0.6409112811088562,0.5974091291427612,0.04818020015954971,0.07770216464996338,0.07161007821559906,0.016824165359139442,0.03157130256295204,6.051640510559082,11.797187805175781
,0.0001,0.0001,,,,440,,,,,,,,,,,,,,,,,,,,,,,,,,,,,,,,,,,,,,,,,,,,,,
44,,,,,,449,,,,,,,,,,,,,,,,,,,,,,,0.4286326766014099,,2333.0,,0.6144859790802002,0.040969423949718475,0.6554554104804993,0.6144859790802002,0.040969423949718475,,,,,,,,,,,,,,,
,,,,,-7.100157737731934,0,,,,,,,,,,,,,,,,,,,,,,,,,,,,,,,,,,,,,,,,,,,,,,
44,,,,,,449,,,,,,,,,,,,,,,,,,,,,,,,0.2748356759548187,,4130.5,,,,,,0.5957958698272705,0.07157688587903976,0.7281731367111206,1.2849607467651367,1.8412528038024902,0.4514830410480499,0.6394187808036804,0.5957958698272705,0.04595818370580673,0.0765623152256012,0.07157688587903976,0.01698792725801468,0.031861528754234314,6.111924648284912,11.856622695922852
,0.0001,0.0001,,,,450,,,,,,,,,,,,,,,,,,,,,,,,,,,,,,,,,,,,,,,,,,,,,,
,,,,,-7.10023307800293,1,,,,,,,,,,,,,,,,,,,,,,,,,,,,,,,,,,,,,,,,,,,,,,
45,,,,,,459,,,,,,,,,,,,,,,,,,,,,,,,0.31204161047935486,,3642.0,,,,,,0.5942121148109436,0.07127504795789719,0.726256251335144,1.3265554904937744,1.923636555671692,0.4502619206905365,0.6378998756408691,0.5942121148109436,0.04671425744891167,0.07756513357162476,0.07127504795789719,0.017292821779847145,0.03238391876220703,6.238544940948486,12.144322395324707
,0.0001,0.0001,,,,460,,,,,,,,,,,,,,,,,,,,,,,,,,,,,,,,,,,,,,,,,,,,,,
,,,,,-7.100167751312256,1,,,,,,,,,,,,,,,,,,,,,,,,,,,,,,,,,,,,,,,,,,,,,,
46,,,,,,469,,,,,,,,,,,,,,,,,,,,,,,,0.29785454273223877,,3565.5,,,,,,0.5938555002212524,0.07443647086620331,0.7286798357963562,1.445066213607788,2.0982460975646973,0.4501723647117615,0.6370394229888916,0.5938555002212524,0.04689206928014755,0.07932514697313309,0.07443647086620331,0.0165531225502491,0.03101731650531292,5.897138595581055,11.323312759399414
,0.0001,0.0001,,,,470,,,,,,,,,,,,,,,,,,,,,,,,,,,,,,,,,,,,,,,,,,,,,,
,,,,,-7.100220203399658,1,,,,,,,,,,,,,,,,,,,,,,,,,,,,,,,,,,,,,,,,,,,,,,
47,,,,,,479,,,,,,,,,,,,,,,,,,,,,,,,0.25750333070755005,,4035.0,,,,,,0.5930345058441162,0.0729922354221344,0.7264404892921448,1.313307762145996,1.8712655305862427,0.449502170085907,0.6363099813461304,0.5930345058441162,0.046600960195064545,0.07854834198951721,0.0729922354221344,0.017034268006682396,0.03182152286171913,6.115488529205322,11.713762283325195
,0.0001,0.0001,,,,480,,,,,,,,,,,,,,,,,,,,,,,,,,,,,,,,,,,,,,,,,,,,,,
,,,,,-7.100216388702393,1,,,,,,,,,,,,,,,,,,,,,,,,,,,,,,,,,,,,,,,,,,,,,,
48,,,,,,489,,,,,,,,,,,,,,,,,,,,,,,,0.3312763273715973,,3374.0,,,,,,0.5917167663574219,0.0728403776884079,0.7248704433441162,1.269454002380371,1.8176603317260742,0.4484209716320038,0.6349428296089172,0.5917167663574219,0.04658327251672745,0.07794831693172455,0.0728403776884079,0.017319485545158386,0.03234851732850075,6.253100395202637,12.04837417602539
,0.0001,0.0001,,,,490,,,,,,,,,,,,,,,,,,,,,,,,,,,,,,,,,,,,,,,,,,,,,,
49,,,,,,499,,,,,,,,,,,,,,,,,,,,,,,0.04000160098075867,,24999.0,,0.6333224177360535,0.0541289821267128,0.6874514222145081,0.6333224177360535,0.0541289821267128,,,,,,,,,,,,,,,
,,,,,-7.100264072418213,0,,,,,,,,,,,,,,,,,,,,,,,,,,,,,,,,,,,,,,,,,,,,,,
49,,,,,,499,,,,,,,,,,,,,,,,,,,,,,,,0.3238503038883209,,3327.0,,,,,,0.5899374485015869,0.07194801419973373,0.7222434878349304,1.2928746938705444,1.8422842025756836,0.44672244787216187,0.6333470940589905,0.5899374485015869,0.04647860676050186,0.0778990387916565,0.07194801419973373,0.017450300976634026,0.03268183022737503,6.325835704803467,12.27656364440918
0,,,,,,0,1.140468955039978,1.592459797859192,0.5192165374755859,0.6964842081069946,0.7166163921356201,0.02941575087606907,0.04001795873045921,0.02004653960466385,0.036262527108192444,5.640972137451172,13.908865928649902,1.2928746938705444,1.6367474794387817,0.49760302901268005,0.6847740411758423,0.6502954959869385,0.04647860676050186,0.04843457043170929,0.017450300976634026,0.03569070249795914,6.325835704803467,13.65037727355957,,,,,,,,,,,,,,,,,,,,,,,,
